stay,charged,point,point,b
toyota,revealed,plans,future,ceo,company,finally,prioritizing,electrification,announcement,president,ceo,koji,sato,automaker,create,electric,vehicles,unique,toy…
stellantis,showed,ram,revolution,past,january,automaker,prototype,serve,design,template,ram,electric,truck,month,stellantis,shared,ram,rev…
schneider,electric,app,controlled,electricity,management,hardware,control,power,consumption,utilities,savings,worth
honda,big,plans,year,electrification,play,huge,part,company,recently,promoted,svp,sales,mamadou,diallo,told,reporters,tuesday,expect,lot,honda,acura,hybrids,road,year,ahead,a…
lucid,luxury,air,electric,vehicle,exceeds,thresholds,federal,tax,credits,company,offering,calling,“,ev,credit,”,march,st,buy,configurations,lucid,air,touring,air,grand,touring,model…
abb,companies,abbn,abbn,rushed,flotation,billion,swiss,franc,billion,mobility,electric,vehicle,charging,business,bjorn,rosengren,thursday,comp…
german,chip,supplier,zf,american,chipmaker,wolfspeed,companies,wolf,wolf,expected,announce,wednesday,plans,build,electric,vehicle,ev,chip,plant,saarland,region,accor…
former,nsa,codebreaker,math,professor,quantitative,fund,ramped,wager,elon,musk,electric,vehicle,company
carmaker,blames,losses,rising,costs,switch,electric,vehicle,productionford,cutting,jobs,europe,including,uk,due,rising,costs,restructure,ramps,electric,vehicle,production,t…
ford,investing,billion,build,battery,plant,michigan,move,automaker,advantage,federal,tax,credits,electric,vehicles
ford,halted,production,top,selling,electric,pickup,america,f,lightning,possible,battery,problem,automaker,confirmed,tuesday,potential,issue,discovered,company,pre,delivery,vehicles,inspections,f…
strategists,pointed,electric,vehicle,demand,greater,supply,making,odd,timing,dramatic,price,cuts
hyundai,electric,car,subscription,service,offers,customers,chance,car,month,month,basis,commitment
cars,sold,california,year,zero,emission,vehicles,zevs,accounting,zev,sales,united,states,leading,states,ev,adoption,data,showed
prospective,ev,buyers,lean,range,decide,electric,dive,variables,ease,charging,cost
spain,auto,industry,dire,overhaul,catch,european,peers,speed,electrification,process,automakers,struggle,recover,pandemic,induced,slump,country,biggest,manufacturers,lobby,tuesday
volvo,cars,gearing,electric,blitz,convert,mainstay,models,suvs,sedans,electric,vehicles,introduce,luxury,electric,aimed,boosting,sales,asia,knowledge,plans
road,trips,lot,focus,experts,majority,electric,vehicle,charging,home,long,driver,access,plug
chinese,electric,vehicle,ev,giant,byd,tuesday,working,potential,acquisition,yi,p,insurance,co,insurer,seized,chinese,regulators,years,ago,part,crackdown,financial,conglomerates
buying,electric,car,deal,tax,credit,biden,administration
abb,companies,abbn,abbn,raised,million,swiss,francs,million,selling,part,electric,vehicle,ev,charging,business,minority,investors,swiss,engineering…
lg,energy,solution,companies,ks,ks,friday,active,discussions,tesla,companies,tsla,tsla,electric,vehic…
electric,truck,maker,nikola,corp,companies,nkla,nkla,wednesday,created,unit,manage,production,distribution,hydrogen,fuel,allowing,company,sharpen,focus,i…
berkshire,hathaway,investment,company,owned,warren,buffett,sold,million,hong,kong,listed,shares,electric,vehicle,maker,byd,companies,sz,sz,hk,million,…
tesla,companies,tsla,tsla,suppliers,bracing,pressure,chief,executive,elon,musk,team,cut,prices,electric,car,leader,aggressively,slashed,vehicle,pri…
general,motors,companies,gm,gm,chief,executive,mary,barra,betting,moving,slowly,tesla,ford,accelerate,electric,vehicle,production,north,america,profitable,…
tesla,companies,tsla,tsla,electric,vehicles,expensive,repair,automaker,insurers,addressing,issue,sharply,different,ways
china,golden,goose,western,carmakers,volkswagen,companies,vowg,p,vowg,p,bmw,companies,bmwg,bmwg,increasing…
aptera,sun,powered,vehicle,travel,miles,day,solar,energy,aims,start,production
european,parliament,tuesday,formally,approved,law,effectively,ban,petrol,diesel,cars,european,union,aiming,speed,switch,electric,vehicles,combat,climate,change,report,landmark,rul…
rental,company,goal,quarter,fleet,electric
car,buyers,love,suvs,pickup,trucks,electric,pay,term
senior,biden,administration,officials,wheel,electric,vehicles,ev,wednesday,washington,auto,show,urge,americans,consider,buying,zero,emission,model
washington,post,reported,white,house,aides,asked,elon,musk,poked,biden,twitter,expand,tesla,charging,stations
quicker,car,updates,longer,vehicle,lifecycles,coming,mercedes
estimate,evs,repair,costs,year,period,higher,repair,costs,drivers,gas,powered,vehicles
america,major,automakers,back,formula,racing,general,motors,recent,announcement,applying,andretti,global,field,team,prestigious,racing,series,ford,announced,back,in…
wood,predicted,tesla,stock,jump,share,years,implying,increase,current,levels
lithium,sulfur,batteries,touted,major,chemistry,electric,vehicle,applications,cycle,life,short,changing,…read
holiday,spots,risk,overwhelmed,summer,ready,deal,rise,electric,vehicleswhen,nissan,leafs,teslas,flock,seaside,summer,arrival,drivers,news,british,tourism,t…
automaker,stellantis,companies,stla,stla,unit,tuesday,recalling,plug,hybrid,electric,minivans,short,circuit,issue,engines,stall,unexp…
electric,cars,require,maintenance,today,startups,scale,solid,plan,cars,running
today,lower,tesla,model,starts,average,cost,vehicle,bloomberg
tiny,particles,tyres,emitted,exhausts,tyre,designs,helpscientists,“,increasingly,concerned,”,health,impact,air,pollution,produced,wear,vehicle,tyres,particles,especially,damaging,…
china,byd,co,companies,sz,sz,unveiled,dealership,japan,tuesday,taking,biggest,challenges,explosive,global,rise,seeks,win,customers,…
boutique,industry,converting,vintage,cars,electric,growing,exclusive,cost,prohibitive,oneover,decade,millions,battery,electric,trucks,suvs,cars,forecast,hit,market,globally,joe,…
lotus,technology,public,united,states,merger,special,purpose,acquisition,company,catterton,asia,acquisition,corp,companies,lcaa,lcaa,deal,value,combined…
year,america,electric,cars,cheap,cheaper,cars,internal,combustion,engines,reports,york,times,citing,figures,international,council,clean,transportation,research,advocacy,group,prices,…
ford,expand,production,capacity,mustang,mach,year,vehicles,prior
american,manufacturer,left,sport,return,world,championshipford,return,formula,decades,surprise,comeback,successful,engine,manufacturers,motorsport,history,…
tesla,companies,tsla,tsla,tuesday,invest,billion,build,factories,state,nevada,including,facility,mass,produce,semi,elec…
tesla,drop,vehicle,gross,margins,fourth,quarter,results,showing,carmaker,sacrifice,margins,volume,wedbush,ives
trade,body,smmt,cuts,forecast,annual,sales,citing,inflation,interest,rate,increasessales,electric,vehicles,fuelled,strongest,start,year,uk,car,market,pandemic,forecast,annual,sales,cut…
electric,car,charging,worse,massively,improving,industry,win,customers
plant,employ,workers,opens
rising,electricity,costs,means,base,kwh,price,increase,cents
hundreds,buyers,put,reservation,fee,dealership,china,made,error
starting,price,rear,wheel,model,rose,modest,increase,massive,cuts,month,caused,surge,demand
senator,debbie,stabenow,thwarted,bid,thursday,fellow,democrat,joe,manchin,pass,measure,block,electric,vehicles,receiving,tax,credit
nissan,renault,closing,sweeping,overhaul,globe,spanning,automaking,alliance,top,executives,meet,thursday,talks,reset,decade,partnership,chart,course,uncertain,electric,future
giant,front,trunk,melting,acceleration,futuristic,style,made,models,electric,cars
recall,part,part,larger,investigation,national,highway,traffic,safety,administration,tesla,automated,driving,systems,action,electric,vehicle,maker
cosmetic,changes,include,front,single,motor,car,rear,driven
electric,car,company,posted,bn,fourth,quarter,earnings,surpassing,anticipated,revenue,tesla,surpassed,wall,street,expectations,highly,anticipated,fourth,quarter,earnings,wednesday,bumping,stock,price,markets,closed,elec…
afraid,stranded,trip,planning,kia,ev,traditional,car
honda,motor,co,companies,tuesday,create,division,bid,strengthen,speed,electrification,business,part,overhaul,organisational,structu…
chinese,auto,companies,warren,buffett,backed,byd,making,trouble,tesla,important,market
famously,loud,sports,car,battery,powered,makers,determined,trademark,roarname,ferrari,age,road,continue,reading
gm,expect,cut,prices,electric,cars,gmc,hummer,ev,cadillac,lyriq,cfo,paul,jacobson,tuesday
demand,lucid,luxury,electric,cars,hit,rival,tesla,grows,aggressive,price,cuts
tool,marks,development,battle,tech,giants,leverage,artificial,intelligence
requirements,ev,tax,credits,lot,evs,qualify,automakers,customers,commercial,ev,credit,instead
tesla,stock,run,time,buy,canaccord,genuity,senior,analyst,george,gianarikas,week
automaker,efficient,date,mercedes,benz,announced,electric,esprinter,slated,launch,canada,automaker,efficient,featuring,modular,design,concept,made,o…
prediction,predicated,investment,pace,joe,biden,bn,green,subsidy,spree,useurope,reliance,china,electric,car,batteries,pace,joe,biden,bn,£bn,green,subsidy,spree,expe…
despite,huge,profits,high,demand,low,inventory,automakers,bracing,supply,disruptions,impact,car,buyers
ford,companies,f,f,intends,making,final,call,mid,february,jobs,cut,europe,spokesperson,german,union,ig,metall,threatened,disruption,ca…
french,car,maker,renault,companies,rena,rena,japanese,partner,nissan,motor,companies,aim,formally,unveil,deal,r…
france,renault,companies,rena,rena,japanese,partner,nissan,companies,formally,unveil,agreement,reshape,th…
nissan,answer,question,millions,electric,car,batteries,evs,anymore
electric,cars,smaller,–,lot,smaller,legion,light,vehicle,manufacturers,accelerating,great,ev,downsize
elon,musk,playbook,tesla,companies,tsla,tsla,headed,believes,recession,cut,costs,parts,logistics,keeping,pressure,compe…
developing,fully,autonomous,vehicles,avs,proven,harder,expensive,expected,investors,continuing,fund,startups,simpler,driving,vehicle,solutions,removed,pedestrians,vehic…
ol,ev,battery,north,tesla,fire,rules,transport,canada,north,shore,news,california,fire,crews,thousand,gallons,water,extinguish,burning,tesla,model,daily,mail,tesla,spontaneously,catches,fire,ca…
ratcheting,criticism,biden,administration,democratic,joe,manchin,wednesday,moved,delay,tax,credits,electric,vehicles,key
byd,early,talks,buy,ford,plant,germany,potential,major,expansion,chinese,ev,maker,sources,told,wall,street,journal
final,comments,lawsuit,elon,musk,billion,tesla,pay,package,made,tuesday
tesla,recent,price,cuts,continue,reverberate,forcing,ford,follow,suit,leaving,tesla,owners,feeling,aggrieved,move,market,leader,shaken,car,industry
tesla,driver,highway,noticed,heavy,black,smoke,coming,car,undercarriage,officials
stellantis,nv,companies,stla,stla,expects,place,year,technologies,needed,develop,ethanol,hybrid,vehicles,brazil,head,carmaker,south,ame…
germany,economy,minister,robert,habeck,french,finance,minister,bruno,maire,head,washington,week,press,concerns,climate,subsidies,urge,favourable,treatment,european,businesses
tesla,ceo,elon,musk,top,aides,president,joe,biden,washington,discuss,electric,vehicles
minnesota,court,appeals,upheld,state,“,clean,car,rule,”,ties,state,vehicle,emission,standards,california,regulations
hyundai,ioniq,offers,impressive,miles,range,news,tesla,model
canadian,startup,potential,motors,gearing,launch,vehicle,adventure,electric,road,vehicle,adventure,built,tube,steel,frame,battery,mounted,floor,giving,tall,narrow,roader
evs,popular,myths,persist
evs,start,energy,grids,supply,chains,decarbonize
years,meta,extended,former,president,donald,trump,indefinite,suspension,facebook,company,reinstated,account,statement,meta,trump,access,facebook,instagram,account…
company,started,producing,copper,anode,foil,recycled,cells
